nan,nan,param readonly uint16 busVoltages[0:2],param readonly uint16 busCurrents[0:2],param readonly uint16 analogueToDigitalReference,param readonly uint16 sensorCurrent,param readonly uint16 rawGyroTemperature[0:2],param readonly raw3 gyroStatus,param readonly uint16 mtm1Temperature,param readonly uint16 mtm2Temperature,param readonly uint16 eccStatisticsPacked_7,param readonly uint16 eccStatisticsPacked_6,param readonly uint16 eccStatisticsPacked_5,param readonly uint16 eccStatisticsPacked_4,param readonly uint16 eccStatisticsPacked_3,param readonly uint16 eccStatisticsPacked_2,param readonly uint16 eccStatisticsPacked_1,param readonly uint16 eccStatisticsPacked_0,param readonly uint16 rawGyroTemperature_2,param readonly uint16 rawGyroTemperature_1,param readonly uint16 rawGyroTemperature_0,param readonly uint16 busCurrents_2,param readonly uint16 busCurrents_1,param readonly uint16 busCurrents_0,param readonly uint16 busVoltages_2,param readonly uint16 busVoltages_1,param readonly uint16 busVoltages_0,param readonly uint16 eccStatisticsPacked[0:7],param readonly uint16 fss1ErrorCount,param readonly uint16 currRow,param readonly uint32 lastSvUpdate,param readonly uint16 successfulSvUpdates,param readonly uint16 totalFixFailures,cdh.telemetry.DataPool.paramValid
7340445,24468,140765562021354,77700355001485,32792,5877,2697279832696,000000110000001100000011,39928,39814,0,0,0,0,32723,32723,25,25,632,616,628,3213,1551,18091,9706,35154,32774,129809441727716775377536728396988416,57930,0,7339596,1225,340,1111111111
7340745,24469,141229414688374,63222020902153,32791,6152,2680099701364,000000110000001100000011,39713,39641,0,0,0,0,32723,32723,25,25,628,612,624,3337,1561,14720,9846,35096,32882,129809441727716775377536728396988416,57930,0,7339596,1225,340,1111111111
7341045,24470,141229398894115,77867861478692,32792,9161,2654329504368,000000110000001100000011,39464,39417,0,0,0,0,32723,32723,25,25,624,606,618,3364,1593,18130,9763,34855,32882,129809441727716775377536728396988416,57930,0,7340797,1226,340,1111111111
7341345,24471,141250892801694,78417617948047,32790,8876,2628559438442,000000110000001100000011,39177,39155,0,0,0,0,32723,32723,25,25,618,602,612,3471,1603,18258,9886,35146,32887,129809441727716775377536728396988416,57930,0,7340797,1226,340,1111111111
7341645,24472,140976017974727,68698104073609,32792,8088,2602789110372,000000110000001100000011,38904,38875,0,0,0,0,32723,32723,25,25,612,594,606,3465,1559,15995,9671,35193,32823,129809441727716775377536728396988416,57930,0,7340797,1226,340,1111111111
7341945,24473,141156387530450,77820614872477,32790,9199,2577018913374,000000110000001100000011,38624,38584,0,0,0,0,32723,32723,25,25,606,588,600,3485,1563,18119,9938,34902,32865,129809441727716775377536728396988416,57930,0,7340797,1226,340,1111111111
7342245,24474,141053318670036,72619406593656,32790,7582,2559838782042,000000110000001100000011,38447,38369,0,0,0,0,32723,32723,25,25,602,584,596,3704,1519,16908,9940,35060,32841,129809441727716775377536728396988416,57930,0,7342151,1227,340,1111111111
7342545,24475,140980306716217,62440338623899,32790,7233,2551248847448,000000110000001100000011,38349,38322,0,0,0,0,32723,32723,25,25,600,584,594,3483,1588,14538,9785,35098,32824,129809441727716775377536728396988416,57930,0,7342151,1227,340,1111111111
7342845,24476,141186453874328,61899161865757,32790,5687,2551248847448,000000110000001100000011,38303,38346,0,0,0,0,32723,32723,25,25,600,584,594,3613,1422,14412,9880,34926,32872,129809441727716775377536728396988416,57930,0,7342151,1227,340,1111111111
7343145,24477,141109150951094,72864224906759,32792,7530,2559838782040,000000110000001100000011,38338,38416,0,0,0,0,32723,32723,25,25,600,584,596,3591,1598,16965,9910,35025,32854,129809441727716775377536728396988416,57930,0,7342151,1227,340,1111111111
7343445,24478,141190760965672,65360914877895,32790,7750,2568428847706,000000110000001100000011,38465,38512,0,0,0,0,32723,32723,25,25,602,586,598,3527,1565,15218,9768,35111,32873,129809441727716775377536728396988416,57930,0,7343352,1228,340,1111111111
7343745,24479,141122028316351,71275078159755,32791,8919,2577019044446,000000110000001100000011,38657,38662,0,0,0,0,32723,32723,25,25,606,590,600,3467,1463,16595,9919,34910,32857,129809441727716775377536728396988416,57930,0,7343352,1228,340,1111111111
7344045,24480,141302435489383,68912850865548,32792,7836,2594199175778,000000110000001100000011,38822,38867,0,0,0,0,32723,32723,25,25,610,594,604,3468,1535,16045,9831,35193,32899,129809441727716775377536728396988416,57930,0,7343352,1228,340,1111111111
7344345,24481,141139206088402,72572164312397,32792,9006,2611379307110,000000110000001100000011,38984,39086,0,0,0,0,32723,32723,25,25,614,598,608,3405,1555,16897,9938,34878,32861,129809441727716775377536728396988416,57930,0,7343352,1228,340,1111111111
7344645,24482,141036136179419,70227115183517,32791,9006,2628559438442,000000110000001100000011,39169,39270,0,0,0,0,32723,32723,25,25,618,602,612,3485,1601,16351,9947,35020,32837,129809441727716775377536728396988416,57930,0,7343352,1228,340,1111111111
7344945,24483,141182173390501,70781167144294,32791,8262,2654329504366,000000110000001100000011,39438,39462,0,0,0,0,32723,32723,25,25,622,606,618,3430,1619,16480,9893,35147,32871,129809441727716775377536728396988416,57930,0,7344839,1229,340,1111111111
7345245,24484,140928764552903,73349551295777,32790,5915,2671509635700,000000110000001100000011,39733,39629,0,0,0,0,32723,32723,25,25,628,610,622,3361,1523,17078,9927,35059,32812,129809441727716775377536728396988416,57930,0,7344839,1229,340,1111111111
7345545,24485,141233696220805,74985939274967,32794,7428,2688689767032,000000110000001100000011,39907,39778,0,0,0,0,32723,32723,25,25,632,614,626,3287,1606,17459,9861,34891,32883,129809441727716775377536728396988416,57930,0,7344839,1229,340,1111111111
7345845,24486,141229421962857,65524125207607,32791,9175,2697279832698,000000110000001100000011,39933,39850,0,0,0,0,32723,32723,25,25,634,616,628,3127,1589,15256,9833,35207,32882,129809441727716775377536728396988416,57930,0,7344839,1229,340,1111111111
7346145,24487,140576576317042,72932936912110,32791,9011,2688689767032,000000110000001100000011,39819,39757,0,0,0,0,32723,32723,25,25,632,614,626,3310,1484,16981,9842,35045,32730,129809441727716775377536728396988416,57930,0,7346136,1230,340,1111111111
7346445,24488,140851459794552,71236427451635,32788,8732,2671509635700,000000110000001100000011,39642,39599,0,0,0,0,32723,32723,25,25,628,610,622,3315,1524,16586,9848,35130,32794,129809441727716775377536728396988416,57930,0,7346136,1230,340,1111111111
7346745,24489,141220829996642,78065427352894,32791,5393,2654329504366,000000110000001100000011,39388,39362,0,0,0,0,32723,32723,25,25,622,606,618,3390,1553,18176,9826,35176,32880,129809441727716775377536728396988416,57930,0,7346136,1230,340,1111111111
7347045,24490,140860028364492,73791936793865,32789,8283,2628559307368,000000110000001100000011,39131,39085,0,0,0,0,32723,32723,25,25,616,600,612,3337,1582,17181,9932,34804,32796,129809441727716775377536728396988416,57930,0,7346136,1230,340,1111111111
7347345,24491,140902995469890,63866267831616,32794,6703,2602789110370,000000110000001100000011,38844,38798,0,0,0,0,32723,32723,25,25,610,594,606,3392,1589,14870,9794,35070,32806,129809441727716775377536728396988416,57930,0,7346136,1230,340,1111111111
7347645,24492,140855747552882,75986665016811,32791,7553,2577018913374,000000110000001100000011,38594,38552,0,0,0,0,32723,32723,25,25,606,588,600,3563,1581,17692,9842,35020,32795,129809441727716775377536728396988416,57930,0,7346136,1230,341,1111111111
7347945,24493,141147793270475,76656679783901,32793,8900,2559838782042,000000110000001100000011,38394,38393,0,0,0,0,32723,32723,25,25,602,584,596,3549,1579,17848,9931,34836,32863,129809441727716775377536728396988416,57930,0,7346136,1230,341,1111111111
7348245,24494,141289549669949,71695988690554,32792,8043,2551248847448,000000110000001100000011,38293,38302,0,0,0,0,32723,32723,25,25,600,584,594,3706,1520,16693,9789,35179,32896,129809441727716775377536728396988416,57930,0,7346136,1230,341,1111111111
7348545,24495,141147803887253,65305083514391,32791,7425,2551248716376,000000110000001100000011,38302,38282,0,0,0,0,32723,32723,25,25,600,582,594,3607,1614,15205,9877,34998,32863,129809441727716775377536728396988416,57930,0,7346136,1230,341,1111111111
7348845,24496,141147811620317,66091060301322,32791,8898,2559838782040,000000110000001100000011,38435,38330,0,0,0,0,32723,32723,25,25,600,584,596,3594,1580,15388,9693,35116,32863,129809441727716775377536728396988416,57930,0,7346136,1230,341,1111111111
7349145,24497,140842867304139,65987978726930,32791,5690,2577018913372,000000110000001100000011,38681,38513,0,0,0,0,32723,32723,25,25,604,588,600,3602,1544,15364,9931,35091,32792,129809441727716775377536728396988416,57930,0,7348901,1231,341,1111111111
7349445,24498,141259483915906,74028149247470,32788,8759,2594199044706,000000110000001100000011,38905,38727,0,0,0,0,32723,32723,25,25,610,592,604,3566,1418,17236,9858,35164,32889,129809441727716775377536728396988416,57930,0,7348901,1231,341,1111111111
7349745,24499,141134923835054,67959362161948,32792,8511,2611379176038,000000110000001100000011,39084,38924,0,0,0,0,32723,32723,25,25,614,596,608,3356,1444,15823,9902,35072,32860,129809441727716775377536728396988416,57930,0,7348901,1231,341,1111111111
7350045,24500,140619522320074,64012298882282,32791,6026,2628559307370,000000110000001100000011,39318,39126,0,0,0,0,32723,32723,25,25,618,600,612,3306,1622,14904,9930,34989,32740,129809441727716775377536728396988416,57930,0,7348901,1231,341,1111111111
7350345,24501,141044715759298,65859134753949,32790,9040,2654329504366,000000110000001100000011,39580,39380,0,0,0,0,32723,32723,25,25,622,606,618,3229,1621,15334,9922,34862,32839,129809441727716775377536728396988416,57930,0,7350102,1232,341,1111111111
7350645,24502,141104853689811,74444770905299,32792,8362,2671509635700,000000110000001100000011,39728,39649,0,0,0,0,32723,32723,25,25,628,610,622,3283,1568,17333,9683,34990,32853,129809441727716775377536728396988416,57930,0,7350102,1232,341,1111111111
7350945,24503,140688232228558,73903607843976,32790,7214,2688689898104,000000110000001100000011,39810,39869,0,0,0,0,32723,32723,25,25,632,616,626,3208,1611,17207,9934,34843,32756,129809441727716775377536728396988416,57930,0,7350102,1232,341,1111111111
7351245,24504,140245858264779,71863485140293,32789,8397,2697279963770,000000110000001100000011,39866,39990,0,0,0,0,32723,32723,25,25,634,618,628,3397,1409,16732,9931,34960,32653,129809441727716775377536728396988416,57930,0,7350102,1232,341,1111111111
7351545,24505,141229419472458,64811159325872,32792,8653,2697279963770,000000110000001100000011,39936,39999,0,0,0,0,32723,32723,25,25,634,618,628,3248,1569,15090,9802,35169,32882,129809441727716775377536728396988416,57930,0,7351422,1233,341,1111111111
7351845,24506,141126342616778,61091716140216,32792,9246,2697279832698,000000110000001100000011,39899,39894,0,0,0,0,32723,32723,25,25,634,616,628,3256,1546,14224,9930,35205,32858,129809441727716775377536728396988416,57930,0,7351422,1233,341,1111111111
7352146,24507,140877225666261,68723876564274,32792,7159,2680099832438,000000110000001100000011,39731,39702,0,0,0,0,32723,32723,25,25,630,614,624,3378,1600,16001,9941,35070,32800,129809441727716775377536728396988416,57930,0,7351422,1233,341,1111111111
7352446,24508,141091977504468,64574926163205,32791,5804,2662919570032,000000110000001100000011,39479,39462,0,0,0,0,32723,32723,25,25,624,608,620,3333,1417,15035,9940,35123,32850,129809441727716775377536728396988416,57930,0,7351422,1233,341,1111111111
7352746,24509,141229417440874,75582938484025,32791,6392,2637149373036,000000110000001100000011,39228,39210,0,0,0,0,32723,32723,25,25,620,602,614,3385,1587,17598,9834,35138,32882,129809441727716775377536728396988416,57930,0,7352682,1234,341,1111111111
7353046,24510,140752673384133,67358075456923,32791,5664,2611379176038,000000110000001100000011,38945,38931,0,0,0,0,32723,32723,25,25,614,596,608,3483,1577,15683,9925,35097,32771,129809441727716775377536728396988416,57930,0,7352682,1234,341,1111111111
7353345,24511,140915879978689,74887142510068,32790,9074,2585608979040,000000110000001100000011,38682,38651,0,0,0,0,32723,32723,25,25,608,590,602,3572,1415,17436,9921,35064,32809,129809441727716775377536728396988416,57930,0,7352682,1234,341,1111111111
7353645,24512,141246598751859,68036681010456,32791,7426,2568428847706,000000110000001100000011,38551,38464,0,0,0,0,32723,32723,25,25,602,586,598,3352,1588,15841,9843,35160,32886,129809441727716775377536728396988416,57930,0,7352682,1234,341,1111111111
7353945,24513,141087666415217,71936502009366,32791,9104,2559838913114,000000110000001100000011,38456,38482,0,0,0,0,32723,32723,25,25,602,586,596,3606,1446,16749,9841,34877,32849,129809441727716775377536728396988416,57930,0,7352682,1234,341,1111111111
7354245,24514,141272370128442,71077514448448,32790,7996,2568428978780,000000110000001100000011,38471,38546,0,0,0,0,32723,32723,25,25,604,588,598,3648,1536,16549,9786,35184,32892,129809441727716775377536728396988416,57930,0,7353989,1235,341,1111111111
7354545,24515,140675365938887,65725988932967,32792,5957,2577019044446,000000110000001100000011,38640,38590,0,0,0,0,32723,32723,25,25,606,590,600,3431,1593,15303,9927,35127,32753,129809441727716775377536728396988416,57930,0,7353989,1235,341,1111111111
7354845,24516,141242283337427,77524260097498,32791,9140,2594199175778,000000110000001100000011,38917,38753,0,0,0,0,32723,32723,25,25,610,594,604,3546,1532,18050,9939,34848,32885,129809441727716775377536728396988416,57930,0,7353989,1235,341,1111111111
7355145,24517,141160700454486,64416022138206,32790,8484,2619969241702,000000110000001100000011,39195,38997,0,0,0,0,32723,32723,25,25,614,598,610,3422,1566,14998,9814,35176,32866,129809441727716775377536728396988416,57930,0,7353989,1235,341,1111111111
7355445,24518,140911587829465,59661485870482,32791,9177,2637149504108,000000110000001100000011,39404,39224,0,0,0,0,32723,32723,25,25,620,604,614,3474,1452,13891,9945,35107,32808,129809441727716775377536728396988416,57930,0,7355291,1236,341,1111111111
7355745,24519,140808498390715,63999413587172,32790,8820,2654329635440,000000110000001100000011,39578,39407,0,0,0,0,32723,32723,25,25,624,608,618,3300,1616,14901,9915,34951,32784,129809441727716775377536728396988416,57930,0,7355291,1236,341,1111111111
7356045,24520,141143519274626,66469010935065,32792,6482,2671509766772,000000110000001100000011,39837,39654,0,0,0,0,32723,32723,25,25,628,612,622,3353,1481,15476,9858,35156,32862,129809441727716775377536728396988416,57930,0,7355291,1236,341,1111111111
7356345,24521,140924469978845,62320081571154,32788,6825,2697279832696,000000110000001100000011,39989,39895,0,0,0,0,32723,32723,25,25,632,616,628,3410,1619,14510,9949,35065,32811,129809441727716775377536728396988416,57930,0,7355291,1236,341,1111111111
7356645,24522,141263758042839,66563506310386,32790,8151,2714459964028,000000110000001100000011,40044,40113,0,0,0,0,32723,32723,25,25,636,620,632,3314,1574,15498,9943,34846,32890,129809441727716775377536728396988416,57930,0,7356492,1237,341,1111111111
7356945,24523,141220812498611,66885627808919,32791,7977,2714460095104,000000110000001100000011,40098,40212,0,0,0,0,32723,32723,25,25,640,622,632,3223,1558,15573,9907,34909,32880,129809441727716775377536728396988416,57930,0,7356492,1237,341,1111111111
7357245,24524,141272360691408,63582800842016,32791,7124,2723050029696,000000110000001100000011,40122,40188,0,0,0,0,32723,32723,25,25,640,622,634,3360,1602,14804,9936,35040,32892,129809441727716775377536728396988416,57930,0,7356492,1237,341,1111111111
7357545,24525,140602356803198,72868517645533,32791,5501,2714459964030,000000110000001100000011,40064,40047,0,0,0,0,32723,32723,25,25,638,620,632,3293,1564,16966,9854,35208,32736,129809441727716775377536728396988416,57930,0,7356492,1237,341,1111111111
7357845,24526,141195037386433,68612205317319,32791,6457,2697279832696,000000110000001100000011,39878,39868,0,0,0,0,32723,32723,25,25,632,616,628,3271,1568,15975,9921,34828,32874,129809441727716775377536728396988416,57930,0,7357751,1238,341,1111111111
7358145,24527,140774151235284,67173393829074,32789,8516,2680099701364,000000110000001100000011,39649,39639,0,0,0,0,32723,32723,25,25,628,612,624,3282,1607,15640,9940,35143,32776,129809441727716775377536728396988416,57930,0,7357751,1238,341,1111111111
7358445,24528,141302432015859,76691040505073,32790,8804,2654329504366,000000110000001100000011,39380,39365,0,0,0,0,32723,32723,25,25,622,606,618,3313,1594,17856,9715,35140,32899,129809441727716775377536728396988416,57930,0,7357751,1238,341,1111111111
7358745,24529,141203645343306,72842750463300,32791,5912,2619969372776,000000110000001100000011,39090,39079,0,0,0,0,32723,32723,25,25,616,600,610,3396,1604,16960,9802,35103,32876,129809441727716775377536728396988416,57930,0,7357751,1238,341,1111111111
7359045,24530,140864338536129,61641476607294,32790,8379,2594199175778,000000110000001100000011,38795,38785,0,0,0,0,32723,32723,25,25,610,594,604,3390,1617,14352,9921,35036,32797,129809441727716775377536728396988416,57930,0,7358952,1239,341,1111111111
7359345,24531,140293113390781,63621454368238,32789,5715,2577018913374,000000110000001100000011,38642,38565,0,0,0,0,32723,32723,25,25,606,588,600,3566,1584,14813,9917,35120,32664,129809441727716775377536728396988416,57930,0,7358952,1239,341,1111111111
7359645,24532,141152102852147,67293644918176,32792,8694,2577018913372,000000110000001100000011,38652,38521,0,0,0,0,32723,32723,25,25,604,588,600,3488,1485,15668,9779,35059,32864,129809441727716775377536728396988416,57930,0,7358952,1239,341,1111111111
7359946,24533,141139212707543,77601568788029,32790,6589,2577019044446,000000110000001100000011,38638,38604,0,0,0,0,32723,32723,25,25,606,590,600,3645,1521,18068,9943,34979,32861,129809441727716775377536728396988416,57930,0,7358952,1239,341,1111111111
7360246,24534,141087665235606,71219245485472,32790,9177,2585609110112,000000110000001100000011,38656,38699,0,0,0,0,32723,32723,25,25,608,592,602,3488,1492,16582,9878,34859,32849,129809441727716775377536728396988416,57930,0,7358952,1239,341,1111111111
7360546,24535,141225124177473,68625081371981,32791,6013,2594199175778,000000110000001100000011,38881,38850,0,0,0,0,32723,32723,25,25,610,594,604,3405,1433,15978,9793,35164,32881,129809441727716775377536728396988416,57930,0,7360362,1240,341,1111111111
7360846,24536,140426258228944,63050218409386,32790,8951,2619969241702,000000110000001100000011,39162,39046,0,0,0,0,32723,32723,25,25,614,598,610,3498,1503,14680,9936,35133,32695,129809441727716775377536728396988416,57930,0,7360362,1240,341,1111111111
7361146,24537,141083383178855,71395346681147,32791,6004,2637149504108,000000110000001100000011,39412,39258,0,0,0,0,32723,32723,25,25,620,604,614,3387,1607,16623,9831,35056,32848,129809441727716775377536728396988416,57930,0,7360362,1240,341,1111111111
7361446,24538,140988901762774,68328727645438,32788,7183,2662919570032,000000110000001100000011,39568,39454,0,0,0,0,32723,32723,25,25,624,608,620,3326,1418,15909,9942,35176,32826,129809441727716775377536728396988416,57930,0,7360362,1240,341,1111111111
7361746,24539,141190759065299,70184153779561,32792,8846,2671509766772,000000110000001100000011,39739,39625,0,0,0,0,32723,32723,25,25,628,612,622,3433,1422,16341,9939,35082,32873,129809441727716775377536728396988416,57930,0,7361622,1241,341,1111111111
7362046,24540,141255189604034,66129715858611,32792,8170,2688689898104,000000110000001100000011,39999,39809,0,0,0,0,32723,32723,25,25,632,616,626,3251,1593,15397,9922,35174,32888,129809441727716775377536728396988416,57930,0,7361622,1241,341,1111111111
7362346,24541,140872933320406,72636590460101,32787,7931,2705869898364,000000110000001100000011,40120,40002,0,0,0,0,32723,32723,25,25,636,618,630,3269,1580,16912,9942,35110,32799,129809441727716775377536728396988416,57930,0,7361622,1241,341,1111111111
7362646,24542,140434852882104,78778394479749,32791,5360,2714460095102,000000110000001100000011,40128,40178,0,0,0,0,32723,32723,25,25,638,622,632,3205,1592,18342,9912,35205,32697,129809441727716775377536728396988416,57930,0,7361622,1241,341,1111111111
7362946,24543,140692550329951,68182710160544,32790,6442,2723050029696,000000110000001100000011,40143,40166,0,0,0,0,32723,32723,25,25,640,622,634,3232,1592,15875,9823,35196,32757,129809441727716775377536728396988416,57930,0,7362907,1242,341,1111111111
7363246,24544,140787035219662,73371031309558,32792,5456,2714459964030,000000110000001100000011,40069,40042,0,0,0,0,32723,32723,25,25,638,620,632,3318,1602,17083,9934,35129,32779,129809441727716775377536728396988416,57930,0,7362907,1242,341,1111111111
7363546,24545,141040432522890,68702389210357,32791,7184,2697279832696,000000110000001100000011,39865,39834,0,0,0,0,32723,32723,25,25,632,616,628,3317,1409,15996,9866,35041,32838,129809441727716775377536728396988416,57930,0,7362907,1242,341,1111111111
7363846,24546,140988880332398,74139829996800,32793,9116,2671509635700,000000110000001100000011,39624,39589,0,0,0,0,32723,32723,25,25,628,610,622,3328,1595,17262,9838,34849,32826,129809441727716775377536728396988416,57930,0,7362907,1242,341,1111111111
7364146,24547,140537925936804,73852065025206,32791,6135,2645739438702,000000110000001100000011,39362,39318,0,0,0,0,32723,32723,25,25,622,604,616,3254,1562,17195,9892,35111,32721,129809441727716775377536728396988416,57930,0,7362907,1242,341,1111111111
7364446,24548,141018965681755,68260017999190,32791,9069,2628559307368,000000110000001100000011,39101,39065,0,0,0,0,32723,32723,25,25,616,600,612,3414,1568,15893,9819,35163,32833,129809441727716775377536728396988416,57930,0,7364226,1243,341,1111111111
7364746,24549,141044723033811,75217866853717,32791,8482,2594199175778,000000110000001100000011,38799,38789,0,0,0,0,32723,32723,25,25,610,594,604,3413,1596,17513,9939,34973,32839,129809441727716775377536728396988416,57930,0,7364226,1243,341,1111111111
7365046,24550,141195052197458,72950118354485,32791,8342,2577018913372,000000110000001100000011,38548,38585,0,0,0,0,32723,32723,25,25,604,588,600,3637,1508,16985,9810,35054,32874,129809441727716775377536728396988416,57930,0,7364226,1243,341,1111111111
7365346,24551,140731198809806,66885626891775,32792,5507,2568428847706,000000110000001100000011,38455,38475,0,0,0,0,32723,32723,25,25,602,586,598,3583,1544,15573,9934,35101,32766,129809441727716775377536728396988416,57930,0,7364226,1243,341,1111111111
7365646,24552,141130636207641,65872017165736,32791,7769,2559838913114,000000110000001100000011,38518,38494,0,0,0,0,32723,32723,25,25,602,586,596,3496,1583,15337,9753,35184,32859,129809441727716775377536728396988416,57930,0,7365427,1244,341,1111111111
7365946,24553,140722603042474,60434590207386,32791,5943,2577018913372,000000110000001100000011,38597,38608,0,0,0,0,32723,32723,25,25,604,588,600,3482,1608,14071,9898,35012,32764,129809441727716775377536728396988416,57930,0,7365427,1244,341,1111111111
7366246,24554,140671068743373,63621455940936,32788,5534,2585609110112,000000110000001100000011,38719,38785,0,0,0,0,32723,32723,25,25,608,592,602,3400,1608,14813,9933,35093,32752,129809441727716775377536728396988416,57930,0,7365427,1244,341,1111111111
7366546,24555,140653892609594,63836203060476,32789,6941,2602789241444,000000110000001100000011,38895,38934,0,0,0,0,32723,32723,25,25,612,596,606,3324,1589,14863,9786,35150,32748,129809441727716775377536728396988416,57930,0,7365427,1244,341,1111111111
7366846,24556,141018961880774,76283009109361,32791,9066,2619969372776,000000110000001100000011,39168,39100,0,0,0,0,32723,32723,25,25,616,600,610,3441,1449,17761,9926,35105,32833,129809441727716775377536728396988416,57930,0,7366812,1245,341,1111111111
7367146,24557,140976005523021,69265043688755,32791,5706,2645739438702,000000110000001100000011,39447,39331,0,0,0,0,32723,32723,25,25,622,604,616,3379,1619,16127,9805,35003,32823,129809441727716775377536728396988416,57930,0,7366812,1245,341,1111111111
7367446,24558,140357539342016,71283673926892,32790,6762,2662919570034,000000110000001100000011,39607,39572,0,0,0,0,32723,32723,25,25,626,608,620,3308,1552,16597,9920,35142,32679,129809441727716775377536728396988416,57930,0,7366812,1245,341,1111111111
7367746,24559,140967418013390,60898436320585,32793,9061,2680099832438,000000110000001100000011,39732,39772,0,0,0,0,32723,32723,25,25,630,614,624,3401,1450,14179,9934,35040,32821,129809441727716775377536728396988416,57930,0,7366812,1245,341,1111111111
7368046,24560,141049027176105,75462667865345,32791,5897,2697279963770,000000110000001100000011,39848,39930,0,0,0,0,32723,32723,25,25,634,618,628,3329,1411,17570,9897,35113,32840,129809441727716775377536728396988416,57930,0,7368013,1246,341,1111111111
7368346,24561,140980304553517,72524911611098,32790,6079,2697279963770,000000110000001100000011,39930,40004,0,0,0,0,32723,32723,25,25,634,618,628,3290,1432,16886,9773,35065,32824,129809441727716775377536728396988416,57930,0,7368013,1246,341,1111111111
7368646,24562,140817082492616,65867718593831,32792,5461,2705869898364,000000110000001100000011,39974,39990,0,0,0,0,32723,32723,25,25,636,618,630,3367,1528,15336,9928,34862,32786,129809441727716775377536728396988416,57930,0,7368013,1246,341,1111111111
7368946,24563,140512156591792,72039580372273,32790,5818,2697279832698,000000110000001100000011,39905,39883,0,0,0,0,32723,32723,25,25,634,616,628,3377,1433,16773,9904,35118,32715,129809441727716775377536728396988416,57930,0,7368013,1246,341,1111111111
7369246,24564,141122046666355,68672335776948,32792,8837,2680099701366,000000110000001100000011,39725,39684,0,0,0,0,32723,32723,25,25,630,612,624,3252,1582,15989,9843,35190,32857,129809441727716775377536728396988416,57930,0,7368013,1246,341,1111111111
7369546,24565,140271637440154,71627273669934,32789,9110,2662919570034,000000110000001100000011,39531,39491,0,0,0,0,32723,32723,25,25,626,608,620,3374,1588,16677,9882,35103,32659,129809441727716775377536728396988416,57930,0,7369440,1247,341,1111111111
7369846,24566,140847165351628,70785455885697,32792,6935,2637149504108,000000110000001100000011,39265,39237,0,0,0,0,32723,32723,25,25,620,604,614,3457,1524,16481,9932,35138,32793,129809441727716775377536728396988416,57930,0,7369440,1247,341,1111111111
7370146,24567,140705430709956,61246339419488,32791,6150,2611379307110,000000110000001100000011,38987,38950,0,0,0,0,32723,32723,25,25,614,598,608,3424,1614,14260,9924,35127,32760,129809441727716775377536728396988416,57930,0,7369440,1247,341,1111111111
7370446,24568,140525041493701,64549169270132,32788,5746,2585608979040,000000110000001100000011,38700,38662,0,0,0,0,32723,32723,25,25,608,590,602,3444,1614,15029,9925,35118,32718,129809441727716775377536728396988416,57930,0,7369440,1247,341,1111111111
7370746,24569,140971709113963,68689517481438,32791,6194,2568428847708,000000110000001100000011,38495,38496,0,0,0,0,32723,32723,25,25,604,586,598,3550,1610,15993,9835,34981,32822,129809441727716775377536728396988416,57930,0,7370641,1248,341,1111111111
7371046,24570,141091972916840,73916492287509,32790,7801,2559838782042,000000110000001100000011,38377,38444,0,0,0,0,32723,32723,25,25,602,584,596,3605,1604,17210,9832,35053,32850,129809441727716775377536728396988416,57930,0,7370641,1248,341,1111111111
7371346,24571,140937359140548,71494119722582,32790,8948,2559838913114,000000110000001100000011,38427,38415,0,0,0,0,32723,32723,25,25,602,586,596,3670,1436,16646,9924,35130,32814,129809441727716775377536728396988416,57930,0,7370641,1248,341,1111111111
7371646,24572,140623821088426,60297150860662,32792,5413,2568428978780,000000110000001100000011,38646,38499,0,0,0,0,32723,32723,25,25,604,588,598,3446,1602,14039,9898,35047,32741,129809441727716775377536728396988416,57930,0,7370641,1248,341,1111111111
7371946,24573,141053303531187,71485539224909,32791,8837,2594199044704,000000110000001100000011,38906,38707,0,0,0,0,32723,32723,25,25,608,592,604,3405,1580,16644,9907,34829,32841,129809441727716775377536728396988416,57930,0,7370641,1248,341,1111111111
7372246,24574,140993176544980,72958713793817,32791,8199,2619969241702,000000110000001100000011,39138,38987,0,0,0,0,32723,32723,25,25,614,598,610,3353,1592,16987,9940,34868,32827,129809441727716775377536728396988416,57930,0,7370641,1248,342,1111111111
7372546,24575,140396187035328,63831909469406,32793,5469,2637149373036,000000110000001100000011,39264,39224,0,0,0,0,32723,32723,25,25,620,602,614,3294,1610,14862,9920,35035,32688,129809441727716775377536728396988416,57930,0,7370641,1248,342,1111111111
7372846,24576,141087676376740,72078244384142,32791,9129,2645739569774,000000110000001100000011,39372,39390,0,0,0,0,32723,32723,25,25,622,606,616,3470,1575,16782,9892,35029,32849,129809441727716775377536728396988416,57930,0,7370641,1248,342,1111111111
7373146,24577,140658184496764,68908560092421,32793,8181,2654329635440,000000110000001100000011,39520,39498,0,0,0,0,32723,32723,25,25,624,608,618,3333,1599,16044,9852,35103,32749,129809441727716775377536728396988416,57930,0,7370641,1248,342,1111111111
7373446,24578,141006066624205,73074678697096,32789,5634,2680099701364,000000110000001100000011,39785,39657,0,0,0,0,32723,32723,25,25,628,612,624,3208,1604,17014,9933,34947,32830,129809441727716775377536728396988416,57930,0,7370641,1248,342,1111111111
7373746,24579,141276660246224,64265700642101,32790,8086,2697279832696,000000110000001100000011,39934,39857,0,0,0,0,32723,32723,25,25,632,616,628,3381,1602,14963,9936,35110,32893,129809441727716775377536728396988416,57930,0,7373473,1249,342,1111111111
7374046,24580,141233716274793,65524124748944,32791,8629,2705869898364,000000110000001100000011,39970,39975,0,0,0,0,32723,32723,25,25,636,618,630,3216,1582,15256,9833,35197,32883,129809441727716775377536728396988416,57930,0,7373473,1249,342,1111111111
7374346,24581,140808493475527,65635791408411,32793,8757,2697279963770,000000110000001100000011,39947,39936,0,0,0,0,32723,32723,25,25,634,618,628,3355,1544,15282,9927,34876,32784,129809441727716775377536728396988416,57930,0,7373473,1249,342,1111111111
7374646,24582,141044733257388,70678073707812,32792,5459,2688689767032,000000110000001100000011,39849,39809,0,0,0,0,32723,32723,25,25,632,614,626,3364,1402,16456,9900,35129,32839,129809441727716775377536728396988416,57930,0,7373473,1249,342,1111111111
7374946,24583,140971723793991,66331574406434,32792,7195,2671509766772,000000110000001100000011,39655,39621,0,0,0,0,32723,32723,25,25,628,612,622,3362,1518,15444,9799,35205,32822,129809441727716775377536728396988416,57930,0,7374674,1250,342,1111111111
7375246,24584,141104854869685,72404659080572,32791,7582,2654329504368,000000110000001100000011,39424,39394,0,0,0,0,32723,32723,25,25,624,606,618,3452,1532,16858,9909,35008,32853,129809441727716775377536728396988416,57930,0,7374674,1250,342,1111111111
7375546,24585,140623822792331,60773892099353,32791,9322,2628559307370,000000110000001100000011,39164,39135,0,0,0,0,32723,32723,25,25,618,600,612,3353,1600,14150,9867,35073,32741,129809441727716775377536728396988416,57930,0,7374674,1250,342,1111111111
7375846,24586,141190759982788,71919322664337,32792,8931,2602789241444,000000110000001100000011,38902,38852,0,0,0,0,32723,32723,25,25,612,596,606,3473,1454,16745,9924,35096,32873,129809441727716775377536728396988416,57930,0,7374674,1250,342,1111111111
7376146,24587,140456321033836,62135396928944,32791,5552,2577019044446,000000110000001100000011,38620,38604,0,0,0,0,32723,32723,25,25,606,590,600,3504,1603,14467,9836,35103,32702,129809441727716775377536728396988416,57930,0,7375926,1251,342,1111111111
7376446,24588,140920168261317,75174906695273,32791,9181,2559838782042,000000110000001100000011,38428,38389,0,0,0,0,32723,32723,25,25,602,584,596,3689,1436,17503,9925,34962,32810,129809441727716775377536728396988416,57930,0,7375926,1251,342,1111111111
7376746,24589,141109150361172,69844853919260,32789,9016,2559838782040,000000110000001100000011,38412,38303,0,0,0,0,32723,32723,25,25,600,584,596,3612,1461,16262,9812,35016,32854,129809441727716775377536728396988416,57930,0,7375926,1251,342,1111111111
7377046,24590,140546518034107,65489764158957,32785,6412,2559838782042,000000110000001100000011,38542,38368,0,0,0,0,32723,32723,25,25,602,584,596,3565,1569,15248,9915,35144,32723,129809441727716775377536728396988416,57930,0,7375926,1251,342,1111111111
7377346,24591,141164991161861,64914239327535,32792,7728,2577018913372,000000110000001100000011,38706,38557,0,0,0,0,32723,32723,25,25,604,588,600,3375,1581,15114,9733,35111,32867,129809441727716775377536728396988416,57930,0,7377302,1252,342,1111111111
7377646,24592,141040428066497,74577907224028,32790,9018,2594199044704,000000110000001100000011,38842,38765,0,0,0,0,32723,32723,25,25,608,592,604,3548,1451,17364,9921,34973,32838,129809441727716775377536728396988416,57930,0,7377302,1252,342,1111111111
7377946,24593,141259484964504,68062446882136,32789,7236,2611379176036,000000110000001100000011,38936,38965,0,0,0,0,32723,32723,25,25,612,596,608,3416,1528,15847,9880,35180,32889,129809441727716775377536728396988416,57930,0,7377302,1252,342,1111111111
7378246,24594,141246601111080,71103283268950,32791,8115,2619969372776,000000110000001100000011,39079,39077,0,0,0,0,32723,32723,25,25,616,600,610,3414,1521,16555,9768,35196,32886,129809441727716775377536728396988416,57930,0,7377302,1252,342,1111111111
7378546,24595,141160681383553,78589414477092,32791,9198,2637149373034,000000110000001100000011,39302,39202,0,0,0,0,32723,32723,25,25,618,602,614,3364,1570,18298,9857,34885,32866,129809441727716775377536728396988416,57930,0,7378503,1253,342,1111111111
7378846,24596,141280952723034,76807003639045,32792,8032,2654329504366,000000110000001100000011,39459,39409,0,0,0,0,32723,32723,25,25,622,606,618,3333,1579,17883,9818,35072,32894,129809441727716775377536728396988416,57930,0,7378503,1253,342,1111111111
7379146,24597,140864344041156,72391770836108,32792,6472,2662919701106,000000110000001100000011,39556,39600,0,0,0,0,32723,32723,25,25,626,610,620,3212,1481,16855,9924,35120,32797,129809441727716775377536728396988416,57930,0,7378503,1253,342,1111111111
7379446,24598,141113454569123,63209128070400,32789,8599,2680099701364,000000110000001100000011,39757,39696,0,0,0,0,32723,32723,25,25,628,612,624,3328,1440,14717,9891,35157,32855,129809441727716775377536728396988416,57930,0,7378503,1253,342,1111111111
7379746,24599,141109142234750,70867063344319,32792,5425,2688689898104,000000110000001100000011,39973,39826,0,0,0,0,32723,32723,25,25,632,616,626,3263,1571,16500,9854,34892,32854,129809441727716775377536728396988416,57930,0,7378503,1253,342,1111111111
7380046,24600,140361833064041,73706035612902,32791,9146,2697279963770,000000110000001100000011,40014,39923,0,0,0,0,32723,32723,25,25,634,618,628,3302,1554,17161,9833,35123,32680,129809441727716775377536728396988416,57930,0,7379827,1254,342,1111111111
7380346,24601,141014673008232,60541959015691,32790,7297,2688689898104,000000110000001100000011,39869,39819,0,0,0,0,32723,32723,25,25,632,616,626,3339,1526,14096,9832,35198,32832,129809441727716775377536728396988416,57930,0,7379827,1254,342,1111111111
7380646,24602,141173578802859,68212763266322,32793,9199,2671509766772,000000110000001100000011,39661,39611,0,0,0,0,32723,32723,25,25,628,612,622,3346,1414,15882,9899,35076,32869,129809441727716775377536728396988416,57930,0,7379827,1254,342,1111111111
7380946,24603,141091972064891,67929307090204,32791,9252,2654329504366,000000110000001100000011,39417,39367,0,0,0,0,32723,32723,25,25,622,606,618,3356,1592,15816,9851,35040,32850,129809441727716775377536728396988416,57930,0,7379827,1254,342,1111111111
7381246,24604,140791333922357,71713169673593,32792,5582,2628559307370,000000110000001100000011,39164,39129,0,0,0,0,32723,32723,25,25,618,600,612,3449,1537,16697,9781,35186,32780,129809441727716775377536728396988416,57930,0,7381212,1255,342,1111111111
7381546,24605,140348947834476,61250633403753,32789,5894,2602789241444,000000110000001100000011,38889,38865,0,0,0,0,32723,32723,25,25,612,596,606,3433,1599,14261,9836,35118,32677,129809441727716775377536728396988416,57930,0,7381212,1255,342,1111111111
7381846,24606,141160690034387,78250109963834,32790,7925,2577018913374,000000110000001100000011,38612,38570,0,0,0,0,32723,32723,25,25,606,588,600,3642,1538,18219,9939,35017,32866,129809441727716775377536728396988416,57930,0,7381212,1255,342,1111111111
7382146,24607,140499274770102,66619338788315,32788,6768,2559838782042,000000110000001100000011,38511,38388,0,0,0,0,32723,32723,25,25,602,584,596,3547,1542,15511,9910,35165,32712,129809441727716775377536728396988416,57930,0,7381212,1255,342,1111111111
7382446,24608,141134921410258,76029617114508,32792,6964,2559838782040,000000110000001100000011,38458,38416,0,0,0,0,32723,32723,25,25,600,584,596,3468,1618,17702,9938,35035,32860,129809441727716775377536728396988416,57930,0,7382413,1256,342,1111111111
7382746,24609,141190760834519,65575664815614,32789,7401,2568428847706,000000110000001100000011,38427,38503,0,0,0,0,32723,32723,25,25,602,586,598,3582,1589,15268,9687,35109,32873,129809441727716775377536728396988416,57930,0,7382413,1256,342,1111111111
7383046,24610,141104864962007,66486196112860,32791,8040,2577018913372,000000110000001100000011,38568,38545,0,0,0,0,32723,32723,25,25,604,588,600,3548,1562,15480,9687,35162,32853,129809441727716775377536728396988416,57930,0,7382413,1256,342,1111111111
7383346,24611,141268075161140,70794045951434,32790,7995,2594199044704,000000110000001100000011,38859,38716,0,0,0,0,32723,32723,25,25,608,592,604,3530,1526,16483,9780,35184,32891,129809441727716775377536728396988416,57930,0,7382413,1256,342,1111111111
7383646,24612,140628121298611,64995844427088,32791,6420,2611379176038,000000110000001100000011,39158,38962,0,0,0,0,32723,32723,25,25,614,596,608,3408,1592,15133,9907,35127,32742,129809441727716775377536728396988416,57930,0,7382413,1256,342,1111111111
7383946,24613,140752673384128,63346568400075,32792,6599,2637149373036,000000110000001100000011,39404,39216,0,0,0,0,32723,32723,25,25,620,602,614,3275,1461,14749,9920,35097,32771,129809441727716775377536728396988416,57930,0,7383720,1257,342,1111111111
7384246,24614,140812793292392,61662951705906,32788,7707,2654329635440,000000110000001100000011,39552,39400,0,0,0,0,32723,32723,25,25,624,608,618,3378,1621,14357,9832,34950,32785,129809441727716775377536728396988416,57930,0,7383720,1257,342,1111111111
7384546,24615,140976012076744,72048171093337,32791,6693,2671509635700,000000110000001100000011,39773,39582,0,0,0,0,32723,32723,25,25,628,610,622,3417,1445,16775,9928,35103,32823,129809441727716775377536728396988416,57930,0,7383720,1257,342,1111111111
7384846,24616,141143503087216,67139030551766,32792,5834,2688689898104,000000110000001100000011,40043,39811,0,0,0,0,32723,32723,25,25,632,616,626,3286,1553,15632,9840,34909,32862,129809441727716775377536728396988416,57930,0,7383720,1257,342,1111111111
7385146,24617,141220818658949,68865608322205,32789,8124,2714459964030,000000110000001100000011,40259,40026,0,0,0,0,32723,32723,25,25,638,620,632,3229,1567,16034,9861,35003,32880,129809441727716775377536728396988416,57930,0,7385022,1258,342,1111111111
7385446,24618,141156401489505,74324505332796,32792,9130,2731640095360,000000110000001100000011,40428,40192,0,0,0,0,32723,32723,25,25,640,624,636,3132,1469,17305,9825,35115,32865,129809441727716775377536728396988416,57930,0,7385022,1258,342,1111111111
7385746,24619,140894406977226,65421040225419,32791,8088,2731640095362,000000110000001100000011,40367,40225,0,0,0,0,32723,32723,25,25,642,624,636,3211,1501,15232,9930,35092,32804,129809441727716775377536728396988416,57930,0,7385022,1258,342,1111111111
7386046,24620,140701141771895,74345987968185,32791,7043,2714460095102,000000110000001100000011,40148,40080,0,0,0,0,32723,32723,25,25,638,622,632,3257,1588,17310,9847,35219,32759,129809441727716775377536728396988416,57930,0,7385022,1258,342,1111111111
7386346,24621,140546522424956,77365349190858,32791,6944,2697279832698,000000110000001100000011,39890,39849,0,0,0,0,32723,32723,25,25,634,616,628,3274,1576,18013,9852,35211,32723,129809441727716775377536728396988416,57930,0,7385022,1258,342,1111111111
7386646,24622,141122027071094,71773298691338,32791,5483,2680099701364,000000110000001100000011,39671,39635,0,0,0,0,32723,32723,25,25,628,612,624,3338,1529,16711,9846,34891,32857,129809441727716775377536728396988416,57930,0,7386505,1259,342,1111111111
7386946,24623,140860039374531,66069586119806,32791,6441,2654329504366,000000110000001100000011,39379,39357,0,0,0,0,32723,32723,25,25,622,606,618,3198,1590,15383,9923,34972,32796,129809441727716775377536728396988416,57930,0,7386505,1259,342,1111111111
7387246,24624,141233708672572,75767622602131,32792,5607,2619969372776,000000110000001100000011,39077,39053,0,0,0,0,32723,32723,25,25,616,600,610,3475,1595,17641,9788,35081,32883,129809441727716775377536728396988416,57930,0,7386505,1259,342,1111111111
7387546,24625,141018965550762,66752486116613,32791,6896,2594199044704,000000110000001100000011,38770,38757,0,0,0,0,32723,32723,25,25,608,592,604,3333,1593,15542,9898,35161,32833,129809441727716775377536728396988416,57930,0,7386505,1259,342,1111111111
7387846,24626,140602353264304,65223476055507,32793,5884,2577018913372,000000110000001100000011,38587,38560,0,0,0,0,32723,32723,25,25,604,588,600,3539,1567,15186,9904,35154,32736,129809441727716775377536728396988416,57930,0,7387706,1260,342,1111111111
7388146,24627,140817098548938,65111807168012,32794,5394,2568428978780,000000110000001100000011,38622,38507,0,0,0,0,32723,32723,25,25,604,588,598,3596,1571,15160,9930,35107,32786,129809441727716775377536728396988416,57930,0,7387706,1260,342,1111111111
7388446,24628,141182168016601,75767612312977,32791,9132,2577018913374,000000110000001100000011,38732,38553,0,0,0,0,32723,32723,25,25,606,588,600,3473,1438,17641,9945,35065,32871,129809441727716775377536728396988416,57930,0,7387706,1260,342,1111111111
7388746,24629,141229413770860,62367324310769,32790,6566,2594199044704,000000110000001100000011,38786,38702,0,0,0,0,32723,32723,25,25,608,592,604,3313,1590,14521,9836,35082,32882,129809441727716775377536728396988416,57930,0,7387706,1260,342,1111111111
7389046,24630,141053306545845,70613653261662,32790,9102,2602789110370,000000110000001100000011,38835,38855,0,0,0,0,32723,32723,25,25,610,594,606,3422,1464,16441,9909,34875,32841,129809441727716775377536728396988416,57930,0,7387706,1260,342,1111111111
7389346,24631,140855758038487,69393888513367,32791,8302,2611379307110,000000110000001100000011,39048,39037,0,0,0,0,32723,32723,25,25,614,598,608,3415,1555,16157,9687,35180,32795,129809441727716775377536728396988416,57930,0,7387706,1260,343,1111111111
7389646,24632,140898685822673,71846308482333,32790,8723,2628559438442,000000110000001100000011,39284,39217,0,0,0,0,32723,32723,25,25,618,602,612,3357,1458,16728,9937,34846,32805,129809441727716775377536728396988416,57930,0,7387706,1260,343,1111111111
7389946,24633,141203645671025,70609366289626,32790,8880,2654329504366,000000110000001100000011,39492,39434,0,0,0,0,32723,32723,25,25,622,606,618,3290,1586,16440,9841,35108,32876,129809441727716775377536728396988416,57930,0,7387706,1260,343,1111111111
7390246,24634,140336066537028,68199889440099,32789,8490,2671509635700,000000110000001100000011,39658,39669,0,0,0,0,32723,32723,25,25,628,610,622,3427,1583,15879,9796,35173,32674,129809441727716775377536728396988416,57930,0,7387706,1260,343,1111111111
7390546,24635,141164996273849,64029477440660,32792,9222,2688689898104,000000110000001100000011,39822,39882,0,0,0,0,32723,32723,25,25,632,616,626,3220,1602,14908,9913,35189,32867,129809441727716775377536728396988416,57930,0,7387706,1260,343,1111111111
7390846,24636,140847162271305,70746799475926,32792,9235,2705870029436,000000110000001100000011,39994,40073,0,0,0,0,32723,32723,25,25,636,620,630,3286,1498,16472,9801,35091,32793,129809441727716775377536728396988416,57930,0,7387706,1260,344,1111111111
7391146,24637,140752680330946,72374595357928,32791,5601,2714459964030,000000110000001100000011,40094,40131,0,0,0,0,32723,32723,25,25,638,620,632,3304,1548,16851,9922,35203,32771,129809441727716775377536728396988416,57930,0,7387706,1260,344,1111111111
7391446,24638,141220811318874,66387403279591,32792,9161,2714460095102,000000110000001100000011,40111,40106,0,0,0,0,32723,32723,25,25,638,622,632,3303,1431,15457,9818,34891,32880,129809441727716775377536728396988416,57930,0,7387706,1260,344,1111111111
7391746,24639,140976013387481,59975028903230,32791,5743,2705869898364,000000110000001100000011,40004,39962,0,0,0,0,32723,32723,25,25,636,618,630,3390,1611,13964,9945,35123,32823,129809441727716775377536728396988416,57930,0,7387706,1260,344,1111111111
7392046,24640,141036128642666,75016000441542,32793,8975,2688689767032,000000110000001100000011,39798,39779,0,0,0,0,32723,32723,25,25,632,614,626,3270,1551,17466,9834,34905,32837,129809441727716775377536728396988416,57930,0,7392012,1261,344,1111111111
7392346,24641,141298131215983,75003114228961,32790,9277,2662919701106,000000110000001100000011,39560,39538,0,0,0,0,32723,32723,25,25,626,610,620,3297,1531,17463,9839,35051,32898,129809441727716775377536728396988416,57930,0,7392012,1261,344,1111111111
7392646,24642,140683958560384,73564293696698,32791,8855,2645739438700,000000110000001100000011,39294,39253,0,0,0,0,32723,32723,25,25,620,604,616,3258,1432,17128,9856,35168,32755,129809441727716775377536728396988416,57930,0,7392012,1261,344,1111111111
7392946,24643,140658185610816,65721691540932,32792,5646,2611379307110,000000110000001100000011,39006,38971,0,0,0,0,32723,32723,25,25,614,598,608,3524,1556,15302,9792,35120,32749,129809441727716775377536728396988416,57930,0,7392012,1261,344,1111111111
7393246,24644,141018957752014,69969417669961,32790,8572,2594199044704,000000110000001100000011,38729,38676,0,0,0,0,32723,32723,25,25,608,592,604,3401,1609,16291,9934,35042,32833,129809441727716775377536728396988416,57930,0,7392012,1261,344,1111111111
7393546,24645,140808506910402,65927853116794,32793,5405,2577018913372,000000110000001100000011,38570,38497,0,0,0,0,32723,32723,25,25,604,588,600,3450,1604,15350,9922,35081,32784,129809441727716775377536728396988416,57930,0,7393272,1262,344,1111111111
7393846,24646,141156389299919,74930095394156,32790,9021,2568428847706,000000110000001100000011,38544,38423,0,0,0,0,32723,32723,25,25,602,586,598,3436,1464,17446,9935,34929,32865,129809441727716775377536728396988416,57930,0,7393272,1262,344,1111111111
7394146,24647,141109154489968,62216999931192,32790,7161,2568428847706,000000110000001100000011,38615,38472,0,0,0,0,32723,32723,25,25,602,586,598,3384,1582,14486,9840,35079,32854,129809441727716775377536728396988416,57930,0,7393272,1262,344,1111111111
7394446,24648,141057615144660,70884241903096,32793,5656,2585608847966,000000110000001100000011,38748,38601,0,0,0,0,32723,32723,25,25,606,588,602,3576,1551,16504,9940,35083,32842,129809441727716775377536728396988416,57930,0,7393272,1262,344,1111111111
7394746,24649,141160682563190,77502779166085,32792,9134,2594199175778,000000110000001100000011,38932,38799,0,0,0,0,32723,32723,25,25,610,594,604,3461,1439,18045,9846,34903,32866,129809441727716775377536728396988416,57930,0,7394580,1263,344,1111111111
7395046,24650,141130614449794,75552873057620,32790,8873,2619969241702,000000110000001100000011,39150,38998,0,0,0,0,32723,32723,25,25,614,598,610,3412,1577,17591,9858,34852,32859,129809441727716775377536728396988416,57930,0,7394580,1263,344,1111111111
7395346,24651,140726908495443,67259292257453,32789,6746,2637149373034,000000110000001100000011,39333,39205,0,0,0,0,32723,32723,25,25,618,602,614,3245,1593,15660,9811,35172,32765,129809441727716775377536728396988416,57930,0,7394580,1263,344,1111111111
7395646,24652,140460608267985,70068195626251,32791,8080,2654329504366,000000110000001100000011,39452,39408,0,0,0,0,32723,32723,25,25,622,606,618,3339,1513,16314,9937,34985,32703,129809441727716775377536728396988416,57930,0,7394580,1263,344,1111111111
7395946,24653,141263780980443,62225587309918,32790,6983,2662919701106,000000110000001100000011,39587,39593,0,0,0,0,32723,32723,25,25,626,610,620,3422,1543,14488,9947,35196,32890,129809441727716775377536728396988416,57930,0,7394580,1263,344,1111111111
7396246,24654,141177873704625,63947862052073,32788,9098,2680099832438,000000110000001100000011,39775,39786,0,0,0,0,32723,32723,25,25,630,614,624,3305,1434,14889,9905,35075,32870,129809441727716775377536728396988416,57930,0,7394580,1263,345,1111111111
7396546,24655,140825682519753,71017377172789,32790,6005,2697279832696,000000110000001100000011,39913,39886,0,0,0,0,32723,32723,25,25,632,616,628,3381,1418,16535,9929,35016,32788,129809441727716775377536728396988416,57930,0,7394580,1263,345,1111111111
7396846,24656,141160681645707,72765429386344,32791,8167,2697279963770,000000110000001100000011,40019,39963,0,0,0,0,32723,32723,25,25,634,618,628,3176,1426,16942,9867,34889,32866,129809441727716775377536728396988416,57930,0,7394580,1263,345,1111111111
7397146,24657,141104859260346,73727503830166,32791,7557,2705869898364,000000110000001100000011,40024,39959,0,0,0,0,32723,32723,25,25,636,618,630,3222,1453,17166,9658,35075,32853,129809441727716775377536728396988416,57930,0,7394580,1263,345,1111111111
7397446,24658,140426250036902,74230016183639,32793,6804,2697279832696,000000110000001100000011,39896,39854,0,0,0,0,32723,32723,25,25,632,616,628,3415,1471,17283,9894,35008,32695,129809441727716775377536728396988416,57930,0,7394580,1263,345,1111111111
7397746,24659,141173586601657,67289356962912,32791,6986,2680099701366,000000110000001100000011,39713,39667,0,0,0,0,32723,32723,25,25,630,612,624,3168,1592,15667,9913,35195,32869,129809441727716775377536728396988416,57930,0,7397460,1264,345,1111111111
7398046,24660,140641009739347,68603612892556,32790,8686,2654329504368,000000110000001100000011,39443,39409,0,0,0,0,32723,32723,25,25,624,606,618,3468,1530,15973,9811,35181,32745,129809441727716775377536728396988416,57930,0,7397460,1264,345,1111111111
7398346,24661,140937358812865,74139819445452,32790,8350,2628559307370,000000110000001100000011,39160,39122,0,0,0,0,32723,32723,25,25,618,600,612,3276,1434,17262,9921,35125,32814,129809441727716775377536728396988416,57930,0,7397460,1264,345,1111111111
7398646,24662,141220811777746,73534235020657,32791,9157,2602789110372,000000110000001100000011,38864,38831,0,0,0,0,32723,32723,25,25,612,594,606,3441,1525,17121,9938,34898,32880,129809441727716775377536728396988416,57930,0,7397460,1264,345,1111111111
7398946,24663,141006081697312,70660902096416,32792,7672,2577018913372,000000110000001100000011,38594,38557,0,0,0,0,32723,32723,25,25,604,588,600,3616,1528,16452,9760,35177,32830,129809441727716775377536728396988416,57930,0,7398703,1265,345,1111111111
7399246,24664,141250893653581,68474767216001,32791,7644,2559838782040,000000110000001100000011,38387,38370,0,0,0,0,32723,32723,25,25,600,584,596,3457,1581,15943,9805,35159,32887,129809441727716775377536728396988416,57930,0,7398703,1265,345,1111111111
7399546,24665,140907297449512,70317304516222,32790,8581,2551248716374,000000110000001100000011,38299,38275,0,0,0,0,32723,32723,25,25,598,582,594,3710,1525,16372,9768,35177,32807,129809441727716775377536728396988416,57930,0,7398703,1265,345,1111111111
7399846,24666,140963131106889,67907827928612,32789,8081,2542658781782,000000110000001100000011,38280,38253,0,0,0,0,32723,32723,25,25,598,582,592,3620,1526,15811,9801,35163,32820,129809441727716775377536728396988416,57930,0,7398703,1265,345,1111111111
7400146,24667,141190745302744,78228634406517,32791,8845,2551248716376,000000110000001100000011,38336,38329,0,0,0,0,32723,32723,25,25,600,582,594,3701,1527,18214,9944,34872,32873,129809441727716775377536728396988416,57930,0,7400052,1266,345,1111111111
7400446,24668,141018966926890,70910007643756,32790,8230,2559838782042,000000110000001100000011,38446,38430,0,0,0,0,32723,32723,25,25,602,584,596,3692,1489,16510,9770,35182,32833,129809441727716775377536728396988416,57930,0,7400052,1266,345,1111111111
7400746,24669,141259485619785,72898579533311,32790,7736,2568428978780,000000110000001100000011,38553,38540,0,0,0,0,32723,32723,25,25,604,588,598,3583,1520,16973,9801,35190,32889,129809441727716775377536728396988416,57930,0,7400052,1266,345,1111111111
7401046,24670,141216515958491,77008859434520,32791,9254,2585608979038,000000110000001100000011,38668,38658,0,0,0,0,32723,32723,25,25,606,590,602,3608,1462,17930,9947,34885,32879,129809441727716775377536728396988416,57930,0,7400052,1266,345,1111111111
7401346,24671,141152094332619,72039582207332,32791,9187,2594199044704,000000110000001100000011,38786,38777,0,0,0,0,32723,32723,25,25,608,592,604,3428,1461,16773,9931,34929,32864,129809441727716775377536728396988416,57930,0,7401306,1267,345,1111111111
7401646,24672,141177861056137,76725398408614,32792,9040,2602789110370,000000110000001100000011,38889,38892,0,0,0,0,32723,32723,25,25,610,594,606,3494,1566,17864,9865,34882,32870,129809441727716775377536728396988416,57930,0,7401306,1267,345,1111111111
7401946,24673,141190764635692,66073878596969,32790,8114,2611379307110,000000110000001100000011,39019,39007,0,0,0,0,32723,32723,25,25,614,598,608,3433,1552,15384,9772,35167,32873,129809441727716775377536728396988416,57930,0,7401306,1267,345,1111111111
7402246,24674,140933059192504,69883506003228,32790,8635,2628559307368,000000110000001100000011,39103,39093,0,0,0,0,32723,32723,25,25,616,600,612,3356,1421,16271,9912,35054,32813,129809441727716775377536728396988416,57930,0,7401306,1267,345,1111111111
7402546,24675,140675367577202,63977936915753,32789,7016,2628559438442,000000110000001100000011,39158,39171,0,0,0,0,32723,32723,25,25,618,602,612,3369,1588,14896,9842,35152,32753,129809441727716775377536728396988416,57930,0,7402507,1268,345,1111111111
7402846,24676,141143504529022,76755464424768,32791,6528,2628559307370,000000110000001100000011,39161,39146,0,0,0,0,32723,32723,25,25,618,600,612,3392,1585,17871,9854,34931,32862,129809441727716775377536728396988416,57930,0,7402507,1268,345,1111111111
7403146,24677,140774149334682,62483288886435,32789,6355,2619969241704,000000110000001100000011,39063,39038,0,0,0,0,32723,32723,25,25,616,598,610,3235,1597,14548,9882,35114,32776,129809441727716775377536728396988416,57930,0,7402507,1268,345,1111111111
7403446,24678,141195059340871,71829129858508,32791,8742,2602789110372,000000110000001100000011,38900,38864,0,0,0,0,32723,32723,25,25,612,594,606,3532,1477,16724,9799,35163,32874,129809441727716775377536728396988416,57930,0,7402507,1268,345,1111111111
7403746,24679,141169287505380,65103217036690,32791,7918,2585608979040,000000110000001100000011,38670,38647,0,0,0,0,32723,32723,25,25,608,590,602,3474,1568,15158,9700,35132,32868,129809441727716775377536728396988416,57930,0,7402507,1268,345,1111111111
7404046,24680,141134915839655,69398176468464,32790,8863,2568428847706,000000110000001100000011,38488,38444,0,0,0,0,32723,32723,25,25,602,586,598,3568,1448,16158,9895,34950,32860,129809441727716775377536728396988416,57930,0,7403910,1269,345,1111111111
7404346,24681,141001779979987,69685950418391,32792,5509,2542658650710,000000110000001100000011,38251,38202,0,0,0,0,32723,32723,25,25,598,580,592,3543,1618,16225,9939,35074,32829,129809441727716775377536728396988416,57930,0,7403910,1269,345,1111111111
7404646,24682,141199337662091,70746804915944,32791,7173,2525478519376,000000110000001100000011,38012,37950,0,0,0,0,32723,32723,25,25,592,576,588,3816,1581,16472,9867,34909,32875,129809441727716775377536728396988416,57930,0,7403910,1269,345,1111111111
7404946,24683,140898707777227,64115371675348,32790,6933,2508298388044,000000110000001100000011,37839,37793,0,0,0,0,32723,32723,25,25,588,572,584,3796,1524,14928,9931,35181,32805,129809441727716775377536728396988416,57930,0,7403910,1269,345,1111111111
7405246,24684,141177870427848,73444041428758,32791,7097,2499708322378,000000110000001100000011,37768,37738,0,0,0,0,32723,32723,25,25,586,570,582,3862,1536,17100,9928,35025,32870,129809441727716775377536728396988416,57930,0,7403910,1269,345,1111111111
7405546,24685,141109150885557,61671530893166,32789,8718,2499708322380,000000110000001100000011,37773,37768,0,0,0,0,32723,32723,25,25,588,570,582,3950,1457,14359,9909,35024,32854,129809441727716775377536728396988416,57930,0,7405279,1270,345,1111111111
7405846,24686,141061907883572,77090472398571,32788,9047,2508298388044,000000110000001100000011,37789,37814,0,0,0,0,32723,32723,25,25,588,572,584,3819,1593,17949,9780,35049,32843,129809441727716775377536728396988416,57930,0,7405279,1270,345,1111111111
7406146,24687,141074797176520,68285780463453,32792,9194,2516888453710,000000110000001100000011,37913,37921,0,0,0,0,32723,32723,25,25,590,574,586,3933,1456,15899,9928,35116,32846,129809441727716775377536728396988416,57930,0,7405279,1270,345,1111111111
7406446,24688,141164985984635,67658725068331,32791,9018,2525478519378,000000110000001100000011,38093,38041,0,0,0,0,32723,32723,25,25,594,576,588,3627,1606,15753,9851,35032,32867,129809441727716775377536728396988416,57930,0,7405279,1270,345,1111111111
7406746,24689,141139209037407,60361574583879,32791,6061,2542658650708,000000110000001100000011,38285,38203,0,0,0,0,32723,32723,25,25,596,580,592,3655,1590,14054,9823,34923,32861,129809441727716775377536728396988416,57930,0,7406480,1271,345,1111111111
7407046,24690,141272369407682,68105397079537,32788,7795,2559838782042,000000110000001100000011,38487,38402,0,0,0,0,32723,32723,25,25,602,584,596,3569,1536,15857,9922,35173,32892,129809441727716775377536728396988416,57930,0,7406480,1271,345,1111111111
7407346,24691,140426254362221,61353711963465,32792,5989,2577018913374,000000110000001100000011,38640,38608,0,0,0,0,32723,32723,25,25,606,588,600,3401,1589,14285,9837,35074,32695,129809441727716775377536728396988416,57930,0,7406480,1271,345,1111111111
7407646,24692,141220829341286,73654488337938,32791,8709,2594199044704,000000110000001100000011,38784,38771,0,0,0,0,32723,32723,25,25,608,592,604,3602,1437,17149,9830,35166,32880,129809441727716775377536728396988416,57930,0,7406480,1271,345,1111111111
7407947,24693,140829982861009,63784664829294,32792,5507,2602789241444,000000110000001100000011,38981,38941,0,0,0,0,32723,32723,25,25,612,596,606,3438,1610,14851,9937,35098,32789,129809441727716775377536728396988416,57930,0,7407882,1272,345,1111111111
7408247,24694,141134916953814,68002312621368,32792,8789,2619969241704,000000110000001100000011,39117,39061,0,0,0,0,32723,32723,25,25,616,598,610,3384,1456,15833,9942,34967,32860,129809441727716775377536728396988416,57930,0,7407882,1272,345,1111111111
7408546,24695,141036139325054,70128330607947,32793,5866,2619969372776,000000110000001100000011,39127,39070,0,0,0,0,32723,32723,25,25,616,600,610,3403,1596,16328,9854,35068,32837,129809441727716775377536728396988416,57930,0,7407882,1272,345,1111111111
7408846,24696,141053319915097,69471202250058,32793,5465,2611379307110,000000110000001100000011,39004,38967,0,0,0,0,32723,32723,25,25,614,598,608,3402,1621,16175,9817,35079,32841,129809441727716775377536728396988416,57930,0,7407882,1272,345,1111111111
7409147,24697,140907276674775,75368179830199,32791,9035,2602789110370,000000110000001100000011,38823,38788,0,0,0,0,32723,32723,25,25,610,594,606,3511,1430,17548,9943,34860,32807,129809441727716775377536728396988416,57930,0,7409143,1273,345,1111111111
7409447,24698,140512153904766,60791071706493,32790,6498,2577018913374,000000110000001100000011,38619,38577,0,0,0,0,32723,32723,25,25,606,588,600,3453,1596,14154,9854,35077,32715,129809441727716775377536728396988416,57930,0,7409143,1273,345,1111111111
7409747,24699,140958823163537,62736692284919,32791,5549,2559838782040,000000110000001100000011,38375,38348,0,0,0,0,32723,32723,25,25,600,584,596,3575,1602,14607,9873,34965,32819,129809441727716775377536728396988416,57930,0,7409143,1273,345,1111111111
7410047,24700,140769858561747,66391703621319,32790,5481,2534068585044,000000110000001100000011,38119,38087,0,0,0,0,32723,32723,25,25,596,578,590,3783,1513,15458,9939,35178,32775,129809441727716775377536728396988416,57930,0,7409143,1273,345,1111111111
7410347,24701,141104859195000,63488310972042,32789,7842,2516888453710,000000110000001100000011,37890,37826,0,0,0,0,32723,32723,25,25,590,574,586,3722,1593,14782,9848,35074,32853,129809441727716775377536728396988416,57930,0,7409143,1273,345,1111111111
7410647,24702,141049011512875,73620139609893,32789,7691,2499708322378,000000110000001100000011,37756,37712,0,0,0,0,32723,32723,25,25,586,570,582,3877,1605,17141,9771,34874,32840,129809441727716775377536728396988416,57930,0,7409143,1273,346,1111111111
7410947,24703,141242284058324,72550679318308,32792,6988,2499708322378,000000110000001100000011,37730,37693,0,0,0,0,32723,32723,25,25,586,570,582,3876,1400,16892,9940,34859,32885,129809441727716775377536728396988416,57930,0,7409143,1273,346,1111111111
7411247,24704,141268069525042,78533581999874,32790,8897,2499708322378,000000110000001100000011,37766,37715,0,0,0,0,32723,32723,25,25,586,570,582,3842,1602,18285,9778,35098,32891,129809441727716775377536728396988416,57930,0,7409143,1273,346,1111111111
7411547,24705,141199352735425,68805471047351,32790,7578,2508298388044,000000110000001100000011,37854,37789,0,0,0,0,32723,32723,25,25,588,572,584,3767,1449,16020,9921,35139,32875,129809441727716775377536728396988416,57930,0,7409143,1273,346,1111111111
7411847,24706,141242299590354,68620786929277,32790,8576,2516888453710,000000110000001100000011,37960,37910,0,0,0,0,32723,32723,25,25,590,574,586,3709,1441,15977,9938,35096,32885,129809441727716775377536728396988416,57930,0,7409143,1273,346,1111111111
7412147,24707,140842869663437,68113989045885,32789,8875,2534068585042,000000110000001100000011,38142,38115,0,0,0,0,32723,32723,25,25,594,578,590,3709,1567,15859,9933,35127,32792,129809441727716775377536728396988416,57930,0,7412113,1274,346,1111111111
7412447,24708,140967427057366,69381003087302,32792,8436,2551248716374,000000110000001100000011,38342,38315,0,0,0,0,32723,32723,25,25,598,582,594,3526,1547,16154,9942,35178,32821,129809441727716775377536728396988416,57930,0,7412113,1274,346,1111111111
7412747,24709,140984600700528,72031000399340,32791,5642,2568428847706,000000110000001100000011,38487,38479,0,0,0,0,32723,32723,25,25,602,586,598,3564,1585,16771,9840,35083,32825,129809441727716775377536728396988416,57930,0,7412113,1274,346,1111111111
7413047,24710,140838576924359,67456855707116,32790,6069,2577019044446,000000110000001100000011,38638,38627,0,0,0,0,32723,32723,25,25,606,590,600,3564,1516,15706,9927,35161,32791,129809441727716775377536728396988416,57930,0,7412113,1274,346,1111111111
7413347,24711,140585168152276,61323642998283,32791,5668,2594199044704,000000110000001100000011,38762,38761,0,0,0,0,32723,32723,25,25,608,592,604,3595,1525,14278,9940,35074,32732,129809441727716775377536728396988416,57930,0,7413314,1275,346,1111111111
7413647,24712,140980305471188,65914967756127,32791,5738,2602789110370,000000110000001100000011,38853,38859,0,0,0,0,32723,32723,25,25,610,594,606,3423,1597,15347,9940,35079,32824,129809441727716775377536728396988416,57930,0,7413314,1275,346,1111111111
7413947,24713,140756971366082,64076722343222,32791,6320,2611379176036,000000110000001100000011,38923,38921,0,0,0,0,32723,32723,25,25,612,596,608,3382,1606,14919,9922,35143,32772,129809441727716775377536728396988416,57930,0,7413314,1275,346,1111111111
7414247,24714,140434842461881,58536214596916,32791,5617,2602789241444,000000110000001100000011,38936,38906,0,0,0,0,32723,32723,25,25,612,596,606,3380,1607,13629,9913,35046,32697,129809441727716775377536728396988416,57930,0,7413314,1275,346,1111111111
7414547,24715,141126321776346,77756189838814,32790,8951,2602789110370,000000110000001100000011,38848,38802,0,0,0,0,32723,32723,25,25,610,594,606,3550,1555,18104,9946,34887,32858,129809441727716775377536728396988416,57930,0,7413314,1275,346,1111111111
7414847,24716,141036139456209,69870633487768,32791,6008,2585608979040,000000110000001100000011,38701,38644,0,0,0,0,32723,32723,25,25,608,590,602,3480,1610,16268,9937,35070,32837,129809441727716775377536728396988416,57930,0,7414596,1276,346,1111111111
7415147,24717,141091971606051,66937169055112,32790,7136,2568428847706,000000110000001100000011,38501,38445,0,0,0,0,32723,32723,25,25,602,586,598,3464,1583,15585,9763,35033,32850,129809441727716775377536728396988416,57930,0,7414596,1276,346,1111111111
7415447,24718,141195047216745,65683031002581,32790,7988,2551248716374,000000110000001100000011,38263,38215,0,0,0,0,32723,32723,25,25,598,582,594,3541,1467,15293,9833,34978,32874,129809441727716775377536728396988416,57930,0,7414596,1276,346,1111111111
7415747,24719,140593761953337,69608634060538,32790,6287,2525478519376,000000110000001100000011,38014,37968,0,0,0,0,32723,32723,25,25,592,576,588,3834,1512,16207,9785,35133,32734,129809441727716775377536728396988416,57930,0,7414596,1276,346,1111111111
7416047,24720,141203642001100,71270784110251,32791,7921,2508298256972,000000110000001100000011,37804,37745,0,0,0,0,32723,32723,25,25,588,570,584,3755,1477,16594,9932,35052,32876,129809441727716775377536728396988416,57930,0,7414596,1276,346,1111111111
7416347,24721,141152106456703,69153363922712,32792,8245,2499708322378,000000110000001100000011,37710,37666,0,0,0,0,32723,32723,25,25,586,570,582,3864,1457,16101,9855,35114,32864,129809441727716775377536728396988416,57930,0,7414596,1276,347,1111111111
7416647,24722,141061909259979,63380935872419,32789,8123,2491118256714,000000110000001100000011,37637,37659,0,0,0,0,32723,32723,25,25,586,568,580,4003,1579,14757,9931,35070,32843,129809441727716775377536728396988416,57930,0,7414596,1276,347,1111111111
7416947,24723,141143494108800,62620728561496,32790,9165,2491118387786,000000110000001100000011,37684,37701,0,0,0,0,32723,32723,25,25,586,570,580,3928,1608,14580,9856,34772,32862,129809441727716775377536728396988416,57930,0,7414596,1276,347,1111111111
7417247,24724,140701137512148,67070301966021,32790,6163,2508298388044,000000110000001100000011,37849,37831,0,0,0,0,32723,32723,25,25,588,572,584,3781,1414,15616,9940,35154,32759,129809441727716775377536728396988416,57930,0,7414596,1276,347,1111111111
7417547,24725,141134924293666,61856221761158,32791,6711,2525478519376,000000110000001100000011,38039,38051,0,0,0,0,32723,32723,25,25,592,576,588,3718,1568,14402,9762,35079,32860,129809441727716775377536728396988416,57930,0,7417502,1277,347,1111111111
7417847,24726,140658173290180,72623696842418,32790,8233,2542658650710,000000110000001100000011,38229,38275,0,0,0,0,32723,32723,25,25,598,580,592,3762,1447,16909,9924,34932,32749,129809441727716775377536728396988416,57930,0,7417502,1277,347,1111111111
7418147,24727,140851462416001,69174846492207,32788,6410,2559838782042,000000110000001100000011,38419,38447,0,0,0,0,32723,32723,25,25,602,584,596,3631,1575,16106,9857,35170,32794,129809441727716775377536728396988416,57930,0,7417502,1277,347,1111111111
7418447,24728,141164981724886,76562179755589,32791,9193,2577019044446,000000110000001100000011,38624,38608,0,0,0,0,32723,32723,25,25,606,590,600,3653,1415,17826,9942,34967,32867,129809441727716775377536728396988416,57930,0,7417502,1277,347,1111111111
7418747,24729,140688248153692,61851928694021,32789,6688,2594199175778,000000110000001100000011,38893,38765,0,0,0,0,32723,32723,25,25,610,594,604,3333,1597,14401,9820,35086,32756,129809441727716775377536728396988416,57930,0,7418703,1278,347,1111111111
7419047,24730,140860041471662,69522741136654,32792,6067,2611379307110,000000110000001100000011,39166,38997,0,0,0,0,32723,32723,25,25,614,598,608,3342,1610,16187,9902,35004,32796,129809441727716775377536728396988416,57930,0,7418703,1278,347,1111111111
7419347,24731,141014666192457,70579295620474,32791,8231,2637149373034,000000110000001100000011,39367,39217,0,0,0,0,32723,32723,25,25,618,602,614,3450,1496,16433,9801,35094,32832,129809441727716775377536728396988416,57930,0,7418703,1278,347,1111111111
7419647,24732,140898695456391,71640157392157,32791,6620,2645739569774,000000110000001100000011,39468,39354,0,0,0,0,32723,32723,25,25,622,606,616,3357,1570,16680,9863,34993,32805,129809441727716775377536728396988416,57930,0,7418703,1278,347,1111111111
7419947,24733,140812807186020,66374527618206,32790,6999,2654329504366,000000110000001100000011,39433,39374,0,0,0,0,32723,32723,25,25,622,606,618,3230,1572,15454,9828,35162,32785,129809441727716775377536728396988416,57930,0,7418703,1278,347,1111111111
7420247,24734,140516453459594,65352324091189,32792,5889,2645739438700,000000110000001100000011,39340,39285,0,0,0,0,32723,32723,25,25,620,604,616,3381,1552,15216,9866,35147,32716,129809441727716775377536728396988416,57930,0,7420093,1279,347,1111111111
7420547,24735,140494977246919,64957186182528,32789,5906,2628559307368,000000110000001100000011,39139,39096,0,0,0,0,32723,32723,25,25,616,600,612,3456,1538,15124,9927,35126,32711,129809441727716775377536728396988416,57930,0,7420093,1279,347,1111111111
7420847,24736,140851449767545,71773293972875,32791,9080,2602789110372,000000110000001100000011,38900,38839,0,0,0,0,32723,32723,25,25,612,594,606,3467,1457,16711,9849,34977,32794,129809441727716775377536728396988416,57930,0,7420093,1279,347,1111111111
7421147,24737,141207935854254,62165461962106,32793,5737,2585608979038,000000110000001100000011,38625,38596,0,0,0,0,32723,32723,25,25,606,590,602,3450,1607,14474,9902,35035,32877,129809441727716775377536728396988416,57930,0,7420093,1279,347,1111111111
7421447,24738,141113447425619,68461873139238,32792,8896,2559838782040,000000110000001100000011,38373,38320,0,0,0,0,32723,32723,25,25,600,584,596,3622,1441,15940,9811,35048,32855,129809441727716775377536728396988416,57930,0,7420093,1279,347,1111111111
7421747,24739,141229415147216,67297948077615,32791,9046,2534068716116,000000110000001100000011,38160,38115,0,0,0,0,32723,32723,25,25,596,580,590,3631,1610,15669,9936,35103,32882,129809441727716775377536728396988416,57930,0,7420093,1279,348,1111111111
7422047,24740,141036120188525,65253541678813,32789,8274,2525478519376,000000110000001100000011,38030,37970,0,0,0,0,32723,32723,25,25,592,576,588,3805,1580,15193,9837,34776,32837,129809441727716775377536728396988416,57930,0,7420093,1279,348,1111111111
7422347,24741,140903001564770,66490487279345,32790,5504,2525478519376,000000110000001100000011,38074,37946,0,0,0,0,32723,32723,25,25,592,576,588,3825,1504,15481,9826,35163,32806,129809441727716775377536728396988416,57930,0,7420093,1279,348,1111111111
7422647,24742,141083373807277,66864154414730,32790,7859,2534068585042,000000110000001100000011,38185,38049,0,0,0,0,32723,32723,25,25,594,578,590,3722,1580,15568,9901,34913,32848,129809441727716775377536728396988416,57930,0,7420093,1279,348,1111111111
7422947,24743,140301704636100,75492743843298,32788,7722,2542658650710,000000110000001100000011,38371,38222,0,0,0,0,32723,32723,25,25,598,580,592,3554,1582,17577,9924,35140,32666,129809441727716775377536728396988416,57930,0,7422853,1280,348,1111111111
7423247,24744,141250874910360,71833418731044,32790,5493,2559838782042,000000110000001100000011,38550,38399,0,0,0,0,32723,32723,25,25,602,584,596,3620,1384,16725,9880,34873,32887,129809441727716775377536728396988416,57930,0,7422853,1280,348,1111111111
7423547,24745,141233714767430,69707419815375,32790,7856,2577019044446,000000110000001100000011,38681,38586,0,0,0,0,32723,32723,25,25,606,590,600,3535,1535,16230,9798,35174,32883,129809441727716775377536728396988416,57930,0,7422853,1280,348,1111111111
7423847,24746,141229409576656,75497027407372,32791,9259,2594199044704,000000110000001100000011,38795,38758,0,0,0,0,32723,32723,25,25,608,592,604,3596,1408,17578,9936,35018,32882,129809441727716775377536728396988416,57930,0,7422853,1280,348,1111111111
7424147,24747,141074778433220,68071038979529,32792,5403,2602789241444,000000110000001100000011,38934,38899,0,0,0,0,32723,32723,25,25,612,596,606,3529,1561,15849,9924,34830,32846,129809441727716775377536728396988416,57930,0,7422853,1280,348,1111111111
7424447,24748,140963126650573,68934330682616,32791,6664,2628559307368,000000110000001100000011,39164,39067,0,0,0,0,32723,32723,25,25,616,600,612,3320,1611,16050,9933,35095,32820,129809441727716775377536728396988416,57930,0,7424262,1281,348,1111111111
7424747,24749,140701127091923,66086768151884,32791,5976,2645739438700,000000110000001100000011,39422,39245,0,0,0,0,32723,32723,25,25,620,604,616,3404,1623,15387,9939,34995,32759,129809441727716775377536728396988416,57930,0,7424262,1281,348,1111111111
7425047,24750,140606644496076,71051737369880,32791,6234,2662919570032,000000110000001100000011,39643,39431,0,0,0,0,32723,32723,25,25,624,608,620,3352,1425,16543,9932,35097,32737,129809441727716775377536728396988416,57930,0,7424262,1281,348,1111111111
7425347,24751,141091973703342,66851260140700,32788,8999,2671509635700,000000110000001100000011,39781,39580,0,0,0,0,32723,32723,25,25,628,610,622,3228,1437,15565,9902,35065,32850,129809441727716775377536728396988416,57930,0,7424262,1281,348,1111111111
7425647,24752,140980297410265,71610094128358,32792,6748,2680099701364,000000110000001100000011,39749,39635,0,0,0,0,32723,32723,25,25,628,612,624,3302,1593,16673,9945,34956,32824,129809441727716775377536728396988416,57930,0,7425582,1282,348,1111111111
7425947,24753,141152104752744,65644384488630,32792,6935,2662919701106,000000110000001100000011,39580,39528,0,0,0,0,32723,32723,25,25,626,610,620,3254,1592,15284,9832,35088,32864,129809441727716775377536728396988416,57930,0,7425582,1282,348,1111111111
7426247,24754,140447711372990,66932875398475,32790,8647,2645739438702,000000110000001100000011,39358,39315,0,0,0,0,32723,32723,25,25,622,604,616,3403,1603,15584,9918,34802,32700,129809441727716775377536728396988416,57930,0,7425582,1282,348,1111111111
7426547,24755,140890096477809,74934396652868,32792,9086,2628559307368,000000110000001100000011,39088,39063,0,0,0,0,32723,32723,25,25,616,600,612,3396,1560,17447,9841,34855,32803,129809441727716775377536728396988416,57930,0,7425582,1282,348,1111111111
7426847,24756,141023261894162,69114713345439,32791,7937,2602789110370,000000110000001100000011,38841,38798,0,0,0,0,32723,32723,25,25,610,594,606,3487,1520,16092,9746,35182,32834,129809441727716775377536728396988416,57930,0,7426783,1283,348,1111111111
7427147,24757,141216534898265,72778320514501,32791,8494,2577018913372,000000110000001100000011,38565,38516,0,0,0,0,32723,32723,25,25,604,588,600,3525,1521,16945,9817,35174,32879,129809441727716775377536728396988416,57930,0,7426783,1283,348,1111111111
7427447,24758,141061915289163,64544872730070,32792,7346,2551248716374,000000110000001100000011,38298,38272,0,0,0,0,32723,32723,25,25,598,582,594,3542,1590,15028,9803,35162,32843,129809441727716775377536728396988416,57930,0,7426783,1283,348,1111111111
7427747,24759,140683959346893,76197117693670,32790,8933,2542658650708,000000110000001100000011,38137,38123,0,0,0,0,32723,32723,25,25,596,580,592,3814,1570,17741,9933,35180,32755,129809441727716775377536728396988416,57930,0,7426783,1283,348,1111111111
7428047,24760,141122023204523,69174847409761,32790,5689,2534068585042,000000110000001100000011,38098,38099,0,0,0,0,32723,32723,25,25,594,578,590,3681,1589,16106,9899,34832,32857,129809441727716775377536728396988416,57930,0,7426783,1283,348,1111111111
7428347,24761,141195046430246,71021678824996,32791,8095,2542658650710,000000110000001100000011,38219,38201,0,0,0,0,32723,32723,25,25,598,580,592,3620,1520,16536,9766,34966,32874,129809441727716775377536728396988416,57930,0,7426783,1283,349,1111111111
7428647,24762,140877226321606,69372374224275,32790,8868,2559838782040,000000110000001100000011,38383,38304,0,0,0,0,32723,32723,25,25,600,584,596,3475,953,16152,9926,35080,32800,129809441727716775377536728396988416,57930,0,7426783,1283,349,1111111111
7428947,24763,141306729539239,69466904988965,32792,7260,2568428847708,000000110000001100000011,38598,38454,0,0,0,0,32723,32723,25,25,604,586,598,3365,1586,16174,9895,35179,32900,129809441727716775377536728396988416,57930,0,7426783,1283,349,1111111111
7429247,24764,140812808627816,65378095205672,32789,7376,2594199044704,000000110000001100000011,38880,38683,0,0,0,0,32723,32723,25,25,608,592,604,3368,1572,15222,9832,35184,32785,129809441727716775377536728396988416,57930,0,7426783,1283,349,1111111111
7429547,24765,141225125226177,67899242319134,32788,6536,2611379176038,000000110000001100000011,39174,38941,0,0,0,0,32723,32723,25,25,614,596,608,3358,1592,15809,9921,35180,32881,129809441727716775377536728396988416,57930,0,7429543,1284,349,1111111111
7429847,24766,141070501553791,72499151506822,32790,7357,2637149504108,000000110000001100000011,39491,39225,0,0,0,0,32723,32723,25,25,620,604,614,3462,1580,16880,9855,35106,32845,129809441727716775377536728396988416,57930,0,7429543,1284,349,1111111111
7430147,24767,141242297296547,72314464570541,32791,7882,2662919701106,000000110000001100000011,39770,39504,0,0,0,0,32723,32723,25,25,626,610,620,3245,1529,16837,9891,35061,32885,129809441727716775377536728396988416,57930,0,7429543,1284,349,1111111111
7430447,24768,141044735354452,60443176537331,32792,9034,2688689767030,000000110000001100000011,40021,39728,0,0,0,0,32723,32723,25,25,630,614,626,3315,1553,14073,9812,35161,32839,129809441727716775377536728396988416,57930,0,7429543,1284,349,1111111111
7430747,24769,141109156718199,72104012680371,32792,5877,2705869898364,000000110000001100000011,40196,39926,0,0,0,0,32723,32723,25,25,636,618,630,3251,1552,16788,9847,35113,32854,129809441727716775377536728396988416,57930,0,7429543,1284,349,1111111111
7431047,24770,141220817413838,69183436098794,32787,7873,2723050029696,000000110000001100000011,40245,40077,0,0,0,0,32723,32723,25,25,640,622,634,3306,1570,16108,9934,34984,32880,129809441727716775377536728396988416,57930,0,7429543,1284,350,1111111111
7431347,24771,140400493733516,72653770460367,32792,6467,2714460095102,000000110000001100000011,40154,40073,0,0,0,0,32723,32723,25,25,638,622,632,3279,1582,16916,9868,35214,32689,129809441727716775377536728396988416,57930,0,7429543,1284,350,1111111111
7431647,24772,141010370635482,75505629138232,32789,8417,2697279963770,000000110000001100000011,39946,39889,0,0,0,0,32723,32723,25,25,634,618,628,3384,1588,17580,9946,35085,32831,129809441727716775377536728396988416,57930,0,7429543,1284,350,1111111111
7431947,24773,141152107898506,70549236747533,32789,5293,2680099701366,000000110000001100000011,39684,39644,0,0,0,0,32723,32723,25,25,630,612,624,3341,1586,16426,9866,35136,32864,129809441727716775377536728396988416,57930,0,7429543,1284,350,1111111111
7432247,24774,141053327582762,71713171115276,32789,9174,2654329504366,000000110000001100000011,39405,39364,0,0,0,0,32723,32723,25,25,622,606,618,3340,1559,16697,9770,35196,32841,129809441727716775377536728396988416,57930,0,7429543,1284,350,1111111111
7432547,24775,141083389601481,76970210823567,32792,8390,2628559307370,000000110000001100000011,39155,39107,0,0,0,0,32723,32723,25,25,618,600,612,3471,1555,17921,9929,35154,32848,129809441727716775377536728396988416,57930,0,7429543,1284,351,1111111111
7432847,24776,140787016214127,73555712675206,32792,6785,2602789110372,000000110000001100000011,38891,38844,0,0,0,0,32723,32723,25,25,612,594,606,3462,1568,17126,9839,34839,32779,129809441727716775377536728396988416,57930,0,7429543,1284,351,1111111111
7433147,24777,140641008363183,66151191219506,32790,6711,2577018913374,000000110000001100000011,38588,38584,0,0,0,0,32723,32723,25,25,606,588,600,3378,1601,15402,9903,35160,32745,129809441727716775377536728396988416,57930,0,7429543,1284,351,1111111111
7433447,24778,140756972086968,67353781734758,32789,6518,2559838913114,000000110000001100000011,38362,38461,0,0,0,0,32723,32723,25,25,602,586,596,3430,1596,15682,9912,35154,32772,129809441727716775377536728396988416,57930,0,7429543,1284,351,1111111111
7433747,24779,140894412678834,68281490607560,32789,6859,2551248847448,000000110000001100000011,38263,38403,0,0,0,0,32723,32723,25,25,600,584,594,3528,1534,15898,9906,35179,32804,129809441727716775377536728396988416,57930,0,7429543,1284,351,1111111111
7434047,24780,140752677709474,71670222949893,32787,6956,2559838782040,000000110000001100000011,38311,38415,0,0,0,0,32723,32723,25,25,600,584,596,3589,1582,16687,9890,35163,32771,129809441727716775377536728396988416,57930,0,7429543,1284,352,1111111111
7434347,24781,140649596855997,65975097625956,32789,6202,2559838913114,000000110000001100000011,38442,38492,0,0,0,0,32723,32723,25,25,602,586,596,3428,1602,15361,9917,35138,32747,129809441727716775377536728396988416,57930,0,7429543,1284,352,1111111111
7434647,24782,140885821171377,66413183503843,32788,5936,2577018913372,000000110000001100000011,38578,38646,0,0,0,0,32723,32723,25,25,604,588,600,3555,1590,15463,9905,35155,32802,129809441727716775377536728396988416,57930,0,7429543,1284,352,1111111111
7434947,24783,141006074029768,73272234348018,32790,9050,2594199175778,000000110000001100000011,38754,38830,0,0,0,0,32723,32723,25,25,610,594,604,3570,1408,17060,9928,35060,32830,129809441727716775377536728396988416,57930,0,7429543,1284,352,1111111111
7435247,24784,140318884505162,62556303330603,32789,6200,2611379307110,000000110000001100000011,38965,38968,0,0,0,0,32723,32723,25,25,614,598,608,3371,1597,14565,9802,35140,32670,129809441727716775377536728396988416,57930,0,7429543,1284,352,1111111111
7435547,24785,141242305750601,66679464856924,32789,8248,2628559438442,000000110000001100000011,39306,39179,0,0,0,0,32723,32723,25,25,618,602,612,3420,1489,15525,9801,35190,32885,129809441727716775377536728396988416,57930,0,7435356,1285,352,1111111111
7435847,24786,141130626836082,69655882829172,32790,7230,2654329504368,000000110000001100000011,39476,39470,0,0,0,0,32723,32723,25,25,624,606,618,3444,1575,16218,9842,35041,32859,129809441727716775377536728396988416,57930,0,7435356,1285,352,1111111111
7436147,24787,141160681252551,74814138289433,32790,9001,2671509766772,000000110000001100000011,39622,39670,0,0,0,0,32723,32723,25,25,628,612,622,3353,1571,17419,9927,34883,32866,129809441727716775377536728396988416,57930,0,7435356,1285,352,1111111111
7436447,24788,141096278042135,66597865065685,32792,6966,2680099832440,000000110000001100000011,39826,39744,0,0,0,0,32723,32723,25,25,632,614,624,3285,1559,15506,9751,35208,32851,129809441727716775377536728396988416,57930,0,7435356,1285,352,1111111111
7436747,24789,140864344041172,75978074754286,32790,7595,2697279832698,000000110000001100000011,40082,39890,0,0,0,0,32723,32723,25,25,634,616,628,3310,1576,17690,9940,35120,32797,129809441727716775377536728396988416,57930,0,7435356,1285,352,1111111111
7437047,24790,141104859260420,69161959230527,32791,8931,2705869898364,000000110000001100000011,40098,39964,0,0,0,0,32723,32723,25,25,636,618,630,3135,1539,16103,9732,35075,32853,129809441727716775377536728396988416,57930,0,7435356,1285,353,1111111111
7437347,24791,141182161266344,71111869009079,32793,7831,2697279832696,000000110000001100000011,39911,39831,0,0,0,0,32723,32723,25,25,632,616,628,3255,1457,16557,9896,34962,32871,129809441727716775377536728396988416,57930,0,7435356,1285,353,1111111111
7437647,24792,141169292224138,67010184481932,32791,7384,2671509766772,000000110000001100000011,39670,39608,0,0,0,0,32723,32723,25,25,628,612,622,3212,1598,15602,9866,35204,32868,129809441727716775377536728396988416,57930,0,7435356,1285,353,1111111111
7437947,24793,141040439535220,70897118743700,32792,7552,2654329504366,000000110000001100000011,39380,39339,0,0,0,0,32723,32723,25,25,622,606,618,3220,1428,16507,9844,35148,32838,129809441727716775377536728396988416,57930,0,7435356,1285,353,1111111111
7438247,24794,140860053399153,75329529711933,32791,6391,2628559307368,000000110000001100000011,39095,39061,0,0,0,0,32723,32723,25,25,616,600,612,3389,1500,17539,9841,35186,32796,129809441727716775377536728396988416,57930,0,7438117,1286,353,1111111111
7438547,24795,140821379884672,74539258482084,32790,8896,2602789110370,000000110000001100000011,38813,38769,0,0,0,0,32723,32723,25,25,610,594,606,3492,1542,17355,9856,34899,32787,129809441727716775377536728396988416,57930,0,7438117,1286,353,1111111111
